{
  "Total" : {
    "transaction" : "Total",
    "sampleCount" : 1,
    "errorCount" : 0,
    "errorPct" : 0.0,
    "meanResTime" : 407.0,
    "medianResTime" : 407.0,
    "minResTime" : 407.0,
    "maxResTime" : 407.0,
    "pct1ResTime" : 407.0,
    "pct2ResTime" : 407.0,
    "pct3ResTime" : 407.0,
    "throughput" : 2.457002457002457,
    "receivedKBytesPerSec" : 1.9243320024570025,
    "sentKBytesPerSec" : 0.3407171375921376
  },
  "HTTP Request" : {
    "transaction" : "HTTP Request",
    "sampleCount" : 1,
    "errorCount" : 0,
    "errorPct" : 0.0,
    "meanResTime" : 407.0,
    "medianResTime" : 407.0,
    "minResTime" : 407.0,
    "maxResTime" : 407.0,
    "pct1ResTime" : 407.0,
    "pct2ResTime" : 407.0,
    "pct3ResTime" : 407.0,
    "throughput" : 2.457002457002457,
    "receivedKBytesPerSec" : 1.9243320024570025,
    "sentKBytesPerSec" : 0.3407171375921376
  }
}